name, value
Cd, 6.4465752334923395e-09
Rd, 3.225216320825873
Lm, 0.1245292534096799
Ro, 74.1458657735666
Cm, 8.489443266986897e-11
